{
    "nodes": [
        {
            "id": 2,
            "idType": 0,
            "idPrefab": 0,
            "position": {
                "x": 16.998046875,
                "y": -78.88861083984375
            }
        },
        {
            "id": 31,
            "idType": 3,
            "idPrefab": 0,
            "position": {
                "x": 20.862060546875,
                "y": 241.8270263671875
            }
        }
    ]
}